{
  "identifier": "artool",
  "path": "Prefabs/artool",
  "count": 4,
  "scale": 0.013,
  "fiducials": [
    {
      "x": -0.05681794,
      "y": 0.017455,
      "z": -1.4e-05
    },
    {
      "x": -0.01182189,
      "y": -0.03569022,
      "z": 2.67599e-05
    },
    {
      "x": 0.035324,
      "y": -0.01872592,
      "z": -2.998e-05
    },
    {
      "x": 0.0333157,
      "y": 0.0369602,
      "z": 1.729351e-05
    }
  ],
  "model": {
    "x": 0.0,
    "y": 0.002,
    "z": 0.0079,
    "rx": 0.0,
    "ry": 0.1,
    "rz": -160.3
  }
}