{
  "identifier": "phantom",
  "path": "Prefabs/phantom",
  "count": 4,
  "scale": 0.013,
  "fiducials": [
    {
      "x": -0.021367,
      "y": -0.0153217,
      "z": 0.0
    },
    {
      "x": 0.0411686,
      "y": 0.001322651,
      "z": 0.0
    },
    {
      "x": 0.00777435,
      "y": 0.0001189941,
      "z": 0.0
    },
    {
      "x": -0.0275759,
      "y": 0.01388006,
      "z": 0.0
    }
  ],
  "model": {
    "x": 0.04957028,
    "y": 0.06111514,
    "z": -0.009839535,
    "rx": 18.6864,
    "ry": 12.71318,
    "rz": -1.52
  }
}