{
  "identifier": "tool_1",
  "path": "Prefabs/tool_1",
  "count": 4,
  "scale": 0.013,
  "fiducials": [
    {
      "x": -0.1245,
      "y": 0.00765,
      "z": -0.03
    },
    {
      "x": -0.17202,
      "y": 0.00765,
      "z": -0.04174
    },
    {
      "x": -0.18627,
      "y": 0.00765,
      "z": 0.01674
    },
    {
      "x": -0.11894,
      "y": 0.00765,
      "z": 0.02437
    }
  ],
  "model": {
    "x": 0.0,
    "y": 0.0,
    "z": 0.0,
    "rx": -90.0,
    "ry": 180.0,
    "rz": 0.0
  }
}